,Item Title,Publication Title,Book Series Title,Journal Volume,Journal Issue,Item DOI,Authors,Publication Year,URL,Content Type
0,Analysis and design of hybrid electric regional turboprop aircraft,CEAS Aeronautical Journal,,9.0,1,10.1007/s13272-017-0272-1,Mark VoskuijlJoris van BogaertArvind G. Rao,2018,http://link.springer.com/article/10.1007/s13272-017-0272-1,Article
1,DC supply structure and protection concept for (hybrid) electric CS-25 aircraft,CEAS Aeronautical Journal,,11.0,3,10.1007/s13272-020-00443-0,Arne HinzBenedikt AignerRik W. De DonckerEike Stumpf,2020,http://link.springer.com/article/10.1007/s13272-020-00443-0,Article
2,Conceptual design studies of vertical takeoff and landing remotely piloted aircraft systems for hybrid missions,CEAS Aeronautical Journal,,7.0,1,10.1007/s13272-015-0176-x,S. HerbstG. WortmannM. Hornung,2016,http://link.springer.com/article/10.1007/s13272-015-0176-x,Article
3,"Mass, primary energy, and cost: the impact of optimization objectives on the initial sizing of hybrid-electric general aviation aircraft",CEAS Aeronautical Journal,,11.0,3,10.1007/s13272-020-00449-8,D. Felix FingerFalk GöttenCarsten BraunCees Bil,2020,http://link.springer.com/article/10.1007/s13272-020-00449-8,Article
4,Sizing of the energy storage system of hybrid-electric aircraft in general aviation,CEAS Aeronautical Journal,,8.0,1,10.1007/s13272-016-0220-5,I. GeißR. Voit-Nitschmann,2017,http://link.springer.com/article/10.1007/s13272-016-0220-5,Article
5,Benefit evaluation of hybrid electric propulsion concepts for CS-23 aircraft,CEAS Aeronautical Journal,,8.0,4,10.1007/s13272-017-0269-9,M. KreimeierE. Stumpf,2017,http://link.springer.com/article/10.1007/s13272-017-0269-9,Article
6,Improving the operating efficiency of the more electric aircraft concept through optimised flight procedures,CEAS Aeronautical Journal,,10.0,2,10.1007/s13272-018-0327-y,Ravinka SeresinheCraig LawsonIrfan Madani,2019,http://link.springer.com/article/10.1007/s13272-018-0327-y,Article
7,Hybrid-electric propulsion for automotive and aviation applications,CEAS Aeronautical Journal,,6.0,2,10.1007/s13272-014-0144-x,C. FriedrichP. A. Robertson,2015,http://link.springer.com/article/10.1007/s13272-014-0144-x,Article
8,A Buck–Boost Voltage Converter for Charging a Battery on Board Electric Aircraft,Technical Physics Letters,,46.0,8,10.1134/S1063785020080106,S. I. MoshkunovV. Yu. KhomichE. A. Shershunova,2020,http://link.springer.com/article/10.1134/S1063785020080106,Article
9,"A Survey of Free Software for the Design, Analysis, Modelling, and Simulation of an Unmanned Aerial Vehicle",Archives of Computational Methods in Engineering,,23.0,3,10.1007/s11831-015-9147-y,Tomáš Vogeltanz,2016,http://link.springer.com/article/10.1007/s11831-015-9147-y,Article
10,G2A Communication Channel Modeling and Characterization Using Confocal Prolates,Wireless Personal Communications,,115.0,1,10.1007/s11277-020-07597-4,Muhammad-Yasir Masood MirzaNoor M. Khan,2020,http://link.springer.com/article/10.1007/s11277-020-07597-4,Article
11,A Study on Flight Time Enhancement of Unmanned Aerial Vehicles (UAVs) Using Supercapacitor-Based Hybrid Electric Propulsion System (HEPS),Arabian Journal for Science and Engineering,,,,10.1007/s13369-020-04941-5,Muhammad Adil KhanAqib KhanMafaz AhmadShahryar SaleemMuhammad Shahbaz AzizS. HussainFida Muhammad Khan,2020,http://link.springer.com/article/10.1007/s13369-020-04941-5,Article
12,Preliminary design study for a future unmanned cargo aircraft configuration,CEAS Aeronautical Journal,,9.0,4,10.1007/s13272-018-0309-0,Yasim J. HasanFalk SachsJohann C. Dauer,2018,http://link.springer.com/article/10.1007/s13272-018-0309-0,Article
13,Design of a Commercial Hybrid VTOL UAV System,Journal of Intelligent & Robotic Systems,,74.0,1 - 2,10.1007/s10846-013-9900-0,Ugur OzdemirYucel Orkut AktasAslihan VuruskanYasin DereliAhmed Farabi TarhanKaraca DemirbagAhmet ErdemGanime Duygu KalayciogluIbrahim OzkolGokhan Inalhan,2014,http://link.springer.com/article/10.1007/s10846-013-9900-0,Article
14,Power managements of a hybrid electric propulsion system for UAVs,Journal of Mechanical Science and Technology,,26.0,8,10.1007/s12206-012-0601-6,Bohwa LeePoomin ParkChuntaek KimSooseok YangSeokmin Ahn,2012,http://link.springer.com/article/10.1007/s12206-012-0601-6,Article
15,Aircraft noise generation and assessment: executive summary,CEAS Aeronautical Journal,,10.0,1,10.1007/s13272-019-00384-3,L. BertschM. SnellenL. EnghardtC. Hillenherms,2019,http://link.springer.com/article/10.1007/s13272-019-00384-3,Article
16,Hybrid Electric Energy Storages: Their Specific Features and Application (Review),Thermal Engineering,,65.0,5,10.1134/S0040601518050099,O. S. Popel’A. B. Tarasenko,2018,http://link.springer.com/article/10.1134/S0040601518050099,Article
17,Hybrid control method of the voltage of a permanent magnetic generator,Journal of Computer and Systems Sciences International,,56.0,2,10.1134/S1064230717020149,V. E. VavilovA. A. GerasinF. R. IsmagilovI. Kh. KhairullinD. R. Farrakhov,2017,http://link.springer.com/article/10.1134/S1064230717020149,Article
18,Delay Tolerant Network assisted flying Ad-Hoc network scenario: modeling and analytical perspective,Wireless Networks,,25.0,5,10.1007/s11276-019-01987-8,Amartya MukherjeeNilanjan DeyRajesh KumarB. K. PanigrahiAboul Ella HassanienJoão Manuel R. S. Tavares,2019,http://link.springer.com/article/10.1007/s11276-019-01987-8,Article
19,Image Based and Hybrid Visual Servo Control of an Unmanned Aerial Vehicle,Journal of Intelligent & Robotic Systems,,65.0,1 - 4,10.1007/s10846-011-9582-4,Zehra CerenErdinç Altuğ,2012,http://link.springer.com/article/10.1007/s10846-011-9582-4,Article
20,Indoor space target searching based on EEG and EOG for UAV,Soft Computing,,23.0,21,10.1007/s00500-018-3670-3,Tianwei ShiHong WangWenhua CuiLing Ren,2019,http://link.springer.com/article/10.1007/s00500-018-3670-3,Article
21,A new aircraft architecture based on the ACHEON Coanda effect nozzle: flight model and energy evaluation,European Transport Research Review,,8.0,2,10.1007/s12544-016-0198-4,Michele TrancossiMauro MadoniaAntonio DumasDiego AngeliChris BinghamShyam Sumanta DasFrancesco GrimacciaJose Pascoa MarquesEliana PorrecaTim SmithPaul StewartMaharshi SubhashAnna SunolDean Vucinic,2016,http://link.springer.com/article/10.1007/s12544-016-0198-4,Article
22,Impact of electric propulsion technology and mission requirements on the performance of VTOL UAVs,CEAS Aeronautical Journal,,10.0,3,10.1007/s13272-018-0352-x,D. Felix FingerCarsten BraunCees Bil,2019,http://link.springer.com/article/10.1007/s13272-018-0352-x,Article
23,Constrained problem formulations for power optimization of aircraft electro-thermal anti-icing systems,Optimization and Engineering,,16.0,4,10.1007/s11081-015-9282-1,Mahdi PourbagianBastien TalgornWagdi G. HabashiMichael KokkolarasSébastien Le Digabel,2015,http://link.springer.com/article/10.1007/s11081-015-9282-1,Article
24,SFB 880: fundamentals of high lift for future commercial aircraft,CEAS Aeronautical Journal,,5.0,3,10.1007/s13272-014-0103-6,R. RadespielW. Heinze,2014,http://link.springer.com/article/10.1007/s13272-014-0103-6,Article
25,Longer-term aircraft fleet modelling: narrative review of tools and measures for mitigating carbon emissions from aircraft fleet,CEAS Aeronautical Journal,,11.0,1,10.1007/s13272-019-00424-y,O. Oguntona,2020,http://link.springer.com/article/10.1007/s13272-019-00424-y,Article
26,Auralization of air vehicle noise for community noise assessment,CEAS Aeronautical Journal,,10.0,1,10.1007/s13272-019-00373-6,Stephen A. RizziAbhishek K. Sahai,2019,http://link.springer.com/article/10.1007/s13272-019-00373-6,Article
27,iGridEdgeDrone: Hybrid Mobility Aware Intelligent Load Forecasting by Edge Enabled Internet of Drone Things for Smart Grid Networks,International Journal of Parallel Programming,,,,10.1007/s10766-020-00675-x,Amartya MukherjeePrateeti MukherjeeDebashis DeNilanjan Dey,2020,http://link.springer.com/article/10.1007/s10766-020-00675-x,Article
28,A pilot(less) study on the use of an unmanned aircraft system for studying polar bears (Ursus maritimus),Polar Biology,,41.0,5,10.1007/s00300-018-2270-0,Andrew F. BarnasChristopher J. FelegeRobert F. RockwellSusan N. Ellis-Felege,2018,http://link.springer.com/article/10.1007/s00300-018-2270-0,Article
29,Rapid Prototyping of a Fixed-Wing VTOL UAV for Design Testing,Journal of Intelligent & Robotic Systems,,84.0,1 - 4,10.1007/s10846-015-0328-6,Yucel Orkut AktasUgur OzdemirYasin DereliAhmed Farabi TarhanAykut CetinAslihan VuruskanBurak YuksekHande CengizSerkan BasdemirMesut UcarMurat GenctavAdil YukselenIbrahim OzkolMetin Orhan KayaGokhan Inalhan,2016,http://link.springer.com/article/10.1007/s10846-015-0328-6,Article
30,Polymer and ceramic nanocomposites for aerospace applications,Applied Nanoscience,,7.0,8,10.1007/s13204-017-0592-9,Vivek T. RathodJayanth S. KumarAnjana Jain,2017,http://link.springer.com/article/10.1007/s13204-017-0592-9,Article
31,Hybrid membrane computing and pigeon-inspired optimization algorithm for brushless direct current motor parameter design,Science China Technological Sciences,,59.0,9,10.1007/s11431-016-6048-8,YiMin DengWeiRen ZhuHaiBin Duan,2016,http://link.springer.com/article/10.1007/s11431-016-6048-8,Article
32,A survey of numerical algorithms for trajectory optimization of flight vehicles,Science China Technological Sciences,,55.0,9,10.1007/s11431-012-4946-y,GuoQiang HuangYuPing LuYing Nan,2012,http://link.springer.com/article/10.1007/s11431-012-4946-y,Article
33,Coordinate Descent Optimization for Winged-UAV Design,Journal of Intelligent & Robotic Systems,,97.0,1,10.1007/s10846-019-01020-2,Haowei GuXimin LyuZexiang LiFu Zhang,2020,http://link.springer.com/article/10.1007/s10846-019-01020-2,Article
34,Power Density as the Key Enabler for Electrified Mobility,Polytechnica,,1.0,1 - 2,10.1007/s41050-018-0002-4,Andrew Alleyne,2018,http://link.springer.com/article/10.1007/s41050-018-0002-4,Article
35,Study of the Radial Vibrations of a Rotor of a Leak-Proof Electric Pump Engine,Russian Aeronautics,,61.0,4,10.3103/S106879981804013X,M. V. ChernyshovA. V. LekanovV. N. RazhikovS. A. Kholopov,2018,http://link.springer.com/article/10.3103/S106879981804013X,Article
36,56th EASD Annual Meeting of the European Association for the Study of Diabetes,Diabetologia,,63.0,1,10.1007/s00125-020-05221-5,,2020,http://link.springer.com/article/10.1007/s00125-020-05221-5,Article
37,Long-term application potential of urban air mobility complementing public transport: an upper Bavaria example,CEAS Aeronautical Journal,,11.0,4,10.1007/s13272-020-00468-5,K. O. PloetnerC. Al HaddadC. AntoniouF. FrankM. FuS. KabelC. LlorcaR. MoeckelA. T. MorenoA. PukhovaR. RothfeldM. ShamiyehA. StraubingerH. WagnerQ. Zhang,2020,http://link.springer.com/article/10.1007/s13272-020-00468-5,Article
38,Aerodynamic Shape Optimization in Aeronautics: A Fast and Effective Multi-Objective Approach,Archives of Computational Methods in Engineering,,21.0,3,10.1007/s11831-014-9123-y,Claudio Comis Da RoncoRita PonzaErnesto Benini,2014,http://link.springer.com/article/10.1007/s11831-014-9123-y,Article
39,Two-Step System Identification and Trajectory Tracking Control of a Small Fixed-Wing UAV,Journal of Intelligent & Robotic Systems,,83.0,1,10.1007/s10846-015-0298-8,David J. GryminMazen Farhood,2016,http://link.springer.com/article/10.1007/s10846-015-0298-8,Article
40,Multi-level perspectives with technology readiness measures for aviation innovation,Sustainability Science,,8.0,1,10.1007/s11625-012-0187-z,Hiroko NakamuraYuya KajikawaShinji Suzuki,2013,http://link.springer.com/article/10.1007/s11625-012-0187-z,Article
41,Tackling global electricity shortage through human power: Technical opportunities from direct or indirect utilizations of the pervasive and green human energy,Frontiers in Energy,,6.0,3,10.1007/s11708-012-0200-3,Dan DaiJing Liu,2012,http://link.springer.com/article/10.1007/s11708-012-0200-3,Article
42,Modeling hybrid polymer–nanometal lightweight structures,Aerospace Systems,,2.0,2,10.1007/s42401-018-00022-6,Bharat BhagaCraig A. Steeves,2019,http://link.springer.com/article/10.1007/s42401-018-00022-6,Article
43,Ice detection and protection systems for circular variable nacelle inlet concepts,CEAS Aeronautical Journal,,11.0,1,10.1007/s13272-019-00413-1,S. KazulaK. Höschler,2020,http://link.springer.com/article/10.1007/s13272-019-00413-1,Article
44,Software health management: a necessity for safety critical systems,Innovations in Systems and Software Engineering,,9.0,4,10.1007/s11334-013-0212-0,Ashok N. SrivastavaJohann Schumann,2013,http://link.springer.com/article/10.1007/s11334-013-0212-0,Article
45,Last-mile delivery concepts: a survey from an operational research perspective,OR Spectrum,,,,10.1007/s00291-020-00607-8,Nils BoysenStefan FedtkeStefan Schwerdfeger,2020,http://link.springer.com/article/10.1007/s00291-020-00607-8,Article
46,Comparative evaluation of different optimization methodologies for the design of UAVs having shape obtained by hot wire cutting techniques,International Journal on Interactive Design and Manufacturing (IJIDeM),,7.0,2,10.1007/s12008-012-0164-x,Alessandro CerutiGianni CaligianaFranco Persiani,2013,http://link.springer.com/article/10.1007/s12008-012-0164-x,Article
47,Materials and chemical technologies for aircraft engineering,Herald of the Russian Academy of Sciences,,82.0,3,10.1134/S1019331612030069,E. N. Kablov,2012,http://link.springer.com/article/10.1134/S1019331612030069,Article
48,Statistical Analysis and Mathematical Modeling of Dry Sliding Wear Parameters of 2024 Aluminium Hybrid Composites Reinforced with Fly Ash and SiC Particles,Transactions of the Indian Institute of Metals,,71.0,7,10.1007/s12666-018-1322-z,Vijaya Bhaskar KurapatiRavindra KommineniSrinivasan Sundarrajan,2018,http://link.springer.com/article/10.1007/s12666-018-1322-z,Article
49,RETRACTED ARTICLE: Microstructure and mechanical behavior of A356/SiC/Fly-ash hybrid composites produced by electromagnetic stir casting,Journal of the Brazilian Society of Mechanical Sciences and Engineering,,37.0,1,10.1007/s40430-014-0138-y,Shashi Prakash DwivediSatpal SharmaRaghvendra Kumar Mishra,2015,http://link.springer.com/article/10.1007/s40430-014-0138-y,Article
50,A fuel cell/battery hybrid power system for an unmanned aerial vehicle,Journal of Mechanical Science and Technology,,30.0,5,10.1007/s12206-016-0448-3,Cheolnam YangSungmo MoonYangdo Kim,2016,http://link.springer.com/article/10.1007/s12206-016-0448-3,Article
51,Environmental impact assessment of aviation emission reduction through the implementation of composite materials,The International Journal of Life Cycle Assessment,,20.0,2,10.1007/s11367-014-0824-0,Andrew J. TimmisAlma HodzicLenny KohMichael BonnerConstantinos SoutisAndreas W. SchäferLynnette Dray,2015,http://link.springer.com/article/10.1007/s11367-014-0824-0,Article
52,Development and Modeling of a Low-Cost Unmanned Aerial Vehicle Research Platform,Journal of Intelligent & Robotic Systems,,80.0,1,10.1007/s10846-014-0145-3,Ony ArifiantoMazen Farhood,2015,http://link.springer.com/article/10.1007/s10846-014-0145-3,Article
53,Study of aircraft icing warning algorithm based on millimeter wave radar,Journal of Meteorological Research,,31.0,6,10.1007/s13351-017-6796-9,Jinhu WangJunxiang GeQilin ZhangPan FanMing WeiXiangchao Li,2017,http://link.springer.com/article/10.1007/s13351-017-6796-9,Article
54,Unconventional Energy Resources: 2017 Review,Natural Resources Research,,28.0,4,10.1007/s11053-018-9432-1,,2019,http://link.springer.com/article/10.1007/s11053-018-9432-1,Article
55,Climbing to stars,Thermophysics and Aeromechanics,,18.0,2,10.1134/S0869864311020016,A. I. Maksimov,2011,http://link.springer.com/article/10.1134/S0869864311020016,Article
56,A critical review of propulsion concepts for modern airships,Central European Journal of Engineering,,2.0,2,10.2478/s13531-011-0070-1,Galina IlievaJosé C. PáscoaAntonio DumasMichele Trancossi,2012,http://link.springer.com/article/10.2478/s13531-011-0070-1,Article
57,The use of unmanned aerial vehicles (UAVs) for engineering geology applications,Bulletin of Engineering Geology and the Environment,,79.0,7,10.1007/s10064-020-01766-2,Daniele GiordanMarc S. AdamsIrene AicardiMaria AlicandroPaolo AllasiaMarco BaldoPierluigi De BerardinisDonatella DominiciDanilo GodonePeter HobbsVeronika LechnerTomasz NiedzielskiMarco PirasMarianna RotilioRiccardo SalviniValerio Segor,2020,http://link.springer.com/article/10.1007/s10064-020-01766-2,Article
58,Finite-time stabilization of the limit cycle of two-cell DC/DC converter: hybrid approach,Nonlinear Dynamics,,83.0,1 - 2,10.1007/s11071-015-2329-1,M. BenmiloudA. Benalia,2016,http://link.springer.com/article/10.1007/s11071-015-2329-1,Article
59,Survey of Unmanned Helicopter Model-Based Navigation and Control Techniques,Journal of Intelligent & Robotic Systems,,80.0,1,10.1007/s10846-014-0143-5,Jessica AlvarengaNikolaos I. VitzilaiosKimon P. ValavanisMatthew J. Rutherford,2015,http://link.springer.com/article/10.1007/s10846-014-0143-5,Article
60,German energy transition (Energiewende) and what politicians can learn for environmental and climate policy,Clean Technologies and Environmental Policy,,,,10.1007/s10098-020-01939-3,Rudolf Rechsteiner,2020,http://link.springer.com/article/10.1007/s10098-020-01939-3,Article
61,Proximal policy optimization with an integral compensator for quadrotor control,Frontiers of Information Technology & Electronic Engineering,,21.0,5,10.1631/FITEE.1900641,Huan HuQing-ling Wang,2020,http://link.springer.com/article/10.1631/FITEE.1900641,Article
62,Investigations on tribo-mechanical behaviour of Al-Si10-Mg/sugarcane bagasse ash/SiC hybrid composites,China Foundry,,16.0,4,10.1007/s41230-019-8176-9,Shankar SubramanianBalaji ArunachalamKawin NallasivamAlokesh Pramanik,2019,http://link.springer.com/article/10.1007/s41230-019-8176-9,Article
63,AUTOKITE,Journal of Intelligent & Robotic Systems,,74.0,1 - 2,10.1007/s10846-013-9974-8,Patrick McGareySrikanth Saripalli,2014,http://link.springer.com/article/10.1007/s10846-013-9974-8,Article
64,Perceptions of emission reduction potential in air transport: a structural equation modeling approach,Environment Systems and Decisions,,36.0,4,10.1007/s10669-016-9608-3,Vedant Singh,2016,http://link.springer.com/article/10.1007/s10669-016-9608-3,Article
65,Shock wave physics and detonation physics — a stimulus for the emergence of numerous new branches in science and engineering,The European Physical Journal H,,36.0,1,10.1140/epjh/e2011-10037-x,Peter O. K. Krehl,2011,http://link.springer.com/article/10.1140/epjh/e2011-10037-x,Article
66,A journey on the electrochemical road to sustainability,Journal of Solid State Electrochemistry,,15.0,7 - 8,10.1007/s10008-011-1410-z,David A. J. Rand,2011,http://link.springer.com/article/10.1007/s10008-011-1410-z,Article
67,"Convergence of Machine Learning and Robotics Communication in Collaborative Assembly: Mobility, Connectivity and Future Perspectives",Journal of Intelligent & Robotic Systems,,98.0,3 - 4,10.1007/s10846-019-01079-x,S. H. AlsamhiOu MaMohd. Samar Ansari,2020,http://link.springer.com/article/10.1007/s10846-019-01079-x,Article
68,Evacuated tube transport technologies (ET3)tm: a maximum value global transportation network for passengers and cargo,Journal of Modern Transportation,,19.0,1,10.1007/BF03325739,Daryl OsterMasayuki KumadaYaoping Zhang,2011,http://link.springer.com/article/10.1007/BF03325739,Article
69,Measuring greenhouse gas emissions for the transportation sector in Korea,Annals of Operations Research,,230.0,1,10.1007/s10479-013-1452-y,Seungbae SimJisoo OhBongju Jeong,2015,http://link.springer.com/article/10.1007/s10479-013-1452-y,Article
70,"Space Weather: Physics, Effects and Predictability",Surveys in Geophysics,,31.0,6,10.1007/s10712-010-9103-1,A. K. SinghDevendraa SiinghR. P. Singh,2010,http://link.springer.com/article/10.1007/s10712-010-9103-1,Article
71,Emergency Control of a Quadrocopter in Case of Failure of Two Symmetric Propellers,Automation and Remote Control,,79.0,3,10.1134/S0005117918030062,Yu. V. Morozov,2018,http://link.springer.com/article/10.1134/S0005117918030062,Article
72,A Review of Low Frequency Electromagnetic Wave Phenomena Related to Tropospheric-Ionospheric Coupling Mechanisms,Space Science Reviews,,168.0,1 - 4,10.1007/s11214-011-9854-0,Fernando SimõesRobert PfaffJean-Jacques BerthelierJeffrey Klenzing,2012,http://link.springer.com/article/10.1007/s11214-011-9854-0,Article
73,Harnessing Airborne Wind Energy: Prospects and Challenges,"Journal of Control, Automation and Electrical Systems",,27.0,6,10.1007/s40313-016-0258-y,Zeashan KhanMuhammad Rehan,2016,http://link.springer.com/article/10.1007/s40313-016-0258-y,Article
74,Agricultural Innovation and the Role of Institutions: Lessons from the Game of Drones,Journal of Agricultural and Environmental Ethics,,32.0,5 - 6,10.1007/s10806-017-9703-6,Per FrankeliusCharlotte NorrmanKnut Johansen,2019,http://link.springer.com/article/10.1007/s10806-017-9703-6,Article
75,An Application of MACRAME to Support Communication and Decisions in a Multi-Unit Project,Group Decision and Negotiation,,20.0,1,10.1007/s10726-010-9206-6,Maria Franca Norese,2011,http://link.springer.com/article/10.1007/s10726-010-9206-6,Article
76,Creation of Supersonic Civil Aviation in Russia,Russian Engineering Research,,40.0,9,10.3103/S1068798X20090063,V. M. KraevM. V. SiluyanovaA. I. Tikhonov,2020,http://link.springer.com/article/10.3103/S1068798X20090063,Article
77,Industry Updates,Journal of Failure Analysis and Prevention,,11.0,4,10.1007/s11668-011-9476-6,,2011,http://link.springer.com/article/10.1007/s11668-011-9476-6,Article
78,Survey on research and development of on-orbit active debris removal methods,Science China Technological Sciences,,,,10.1007/s11431-020-1661-7,PengYuan ZhaoJinGuo LiuChenChen Wu,2020,http://link.springer.com/article/10.1007/s11431-020-1661-7,Article
79,Technology structural implications from the extension of a patent search method,Scientometrics,,102.0,3,10.1007/s11192-014-1493-2,Christopher L. BensonChristopher L. Magee,2015,http://link.springer.com/article/10.1007/s11192-014-1493-2,Article
80,Progress in study on constructal theory and its applications,Science China Technological Sciences,,55.0,3,10.1007/s11431-011-4701-9,LinGen Chen,2012,http://link.springer.com/article/10.1007/s11431-011-4701-9,Article
81,Topical issues of simulation construction development in Modern Electric Power Engineering,Thermal Engineering,,62.0,14,10.1134/S0040601515140086,S. I. MagidE. N. ArkhipovaI. Sh. Zagretdinov,2015,http://link.springer.com/article/10.1134/S0040601515140086,Article
82,Wild cards in transport,European Journal of Futures Research,,3.0,1,10.1007/s40309-015-0066-9,Aharon HauptmanMerja HoppeYoel Raban,2015,http://link.springer.com/article/10.1007/s40309-015-0066-9,Article
83,Carbon Nanotube Assembly and Integration for Applications,Nanoscale Research Letters,,14.0,1,10.1186/s11671-019-3046-3,Anusha VenkataramanEberechukwu Victoria AmadiYingduo ChenChris Papadopoulos,2019,http://link.springer.com/article/10.1186/s11671-019-3046-3,Article
84,Unmanned Aerial Mass Spectrometer Systems for In-Situ Volcanic Plume Analysis,Journal of The American Society for Mass Spectrometry,,26.0,2,10.1007/s13361-014-1058-x,Jorge Andres DiazDavid PieriKenneth WrightPaul SorensenRobert Kline-ShoderC Richard ArkinMatthew FladelandGeoff BlandMaria Fabrizia BuongiornoCarlos RamirezErnesto CorralesAlfredo AlanOscar AlegriaDavid DiazJustin Linick,2015,http://link.springer.com/article/10.1007/s13361-014-1058-x,Article
85,A review of communication-oriented optical wireless systems,EURASIP Journal on Wireless Communications and Networking,,2012.0,1,10.1186/1687-1499-2012-91,Deva K BorahAnthony C BoucouvalasChristopher C DavisSteve HranilovicKonstantinos Yiannopoulos,2012,http://link.springer.com/article/10.1186/1687-1499-2012-91,Article
86,Experimental investigation of a variable-span morphing wing model for an unmanned aerial vehicle,Journal of the Brazilian Society of Mechanical Sciences and Engineering,,38.0,7,10.1007/s40430-015-0405-6,A. TarabiS. GhasemlooM. Mani,2016,http://link.springer.com/article/10.1007/s40430-015-0405-6,Article
87,POSTER PRESENTATIONS,International Journal of Legal Medicine,,126.0,1,10.1007/s00414-012-0711-9,,2012,http://link.springer.com/article/10.1007/s00414-012-0711-9,Article
88,The science case for the EISCAT_3D radar,Progress in Earth and Planetary Science,,2.0,1,10.1186/s40645-015-0051-8,Ian McCreaAnita AikioLucilla AlfonsiEvgenia BelovaStephan BuchertMark ClilverdNorbert EnglerBjörn GustavssonCraig HeinselmanJohan KeroMike KoschHervé LamyThomas LeyserYasunobu OgawaKjellmar OksavikAsta Pellinen-Wannberg,2015,http://link.springer.com/article/10.1186/s40645-015-0051-8,Article
89,Investigation of Fatigue Strength and Life Prediction for Automotive Safety Components of V-Notched and Un-notched Specimen Part I: Utilization of Waste Materials into Raw Materials,Transactions of the Indian Institute of Metals,,72.0,10,10.1007/s12666-019-01732-x,S. RamanathanB. VinodM. Anandajothi,2019,http://link.springer.com/article/10.1007/s12666-019-01732-x,Article
90,"Mechanical and Tribological Behaviour of Friction-Stir-Processed Al 6061 Aluminium Sheet Metal Reinforced with 
                
                  
                
                $${{\rm Al}_{2}{\rm O}_{3}/0.5\,{\rm Gr}}$$
                
                  
                    
                      
                        Al
                        2
                      
                      
                        O
                        3
                      
                      /
                      0.5
                      
                      Gr
                    
                  
                
               Hybrid Surface Nanocomposite",Arabian Journal for Science and Engineering,,40.0,2,10.1007/s13369-014-1518-4,T. PrakashS. SivasankaranP. Sasikumar,2015,http://link.springer.com/article/10.1007/s13369-014-1518-4,Article
91,Industry Updates,Journal of Failure Analysis and Prevention,,15.0,1,10.1007/s11668-014-9918-z,,2015,http://link.springer.com/article/10.1007/s11668-014-9918-z,Article
92,The 2016 Thermal Spray Roadmap,Journal of Thermal Spray Technology,,25.0,8,10.1007/s11666-016-0473-x,Armelle VardelleChristian MoreauJun AkedoHossein AshrafizadehChristopher C. BerndtJörg Oberste BerghausMaher BoulosJeffrey BroganAthanasios C. BourtsalasAli DolatabadiMitchell DorfmanTimothy J. EdenPierre FauchaisGary FisherFrank GaertnerMalko Gindrat,2016,http://link.springer.com/article/10.1007/s11666-016-0473-x,Article
93,"Design and Validation of an 
                
                  
                
                ${\mathcal{L}}_{1}$
               Adaptive Controller  for Mini-UAV Autopilot",Journal of Intelligent & Robotic Systems,,69.0,1 - 4,10.1007/s10846-012-9717-2,Elisa CapelloGiorgio GuglieriFulvia QuagliottiDaniele Sartori,2013,http://link.springer.com/article/10.1007/s10846-012-9717-2,Article
94,An Investigation of Massive Gain in Hybrid Configurable Cylindrical Dielectric Resonator Antenna,Wireless Personal Communications,,101.0,3,10.1007/s11277-018-5760-z,Mahender SinghR. S. YaduvanshiArti Vaish,2018,http://link.springer.com/article/10.1007/s11277-018-5760-z,Article
95,Collaborative Verification-Driven Engineering of Hybrid Systems,Mathematics in Computer Science,,8.0,1,10.1007/s11786-014-0176-y,Stefan MitschGrant Olney PassmoreAndré Platzer,2014,http://link.springer.com/article/10.1007/s11786-014-0176-y,Article
96,"Dynamic neural networks for gas turbine engine degradation prediction, health monitoring and prognosis",Neural Computing and Applications,,27.0,8,10.1007/s00521-015-1990-0,S. KiakojooriK. Khorasani,2016,http://link.springer.com/article/10.1007/s00521-015-1990-0,Article
97,Quadrotor with a Dihedral Angle: on the Effects of Tilting the Rotors Inwards,Journal of Intelligent & Robotic Systems,,80.0,2,10.1007/s10846-015-0176-4,Hanoch EfraimAmir ShapiroGera Weiss,2015,http://link.springer.com/article/10.1007/s10846-015-0176-4,Article
98,New development thoughts on the bio-inspired intelligence based control for unmanned combat aerial vehicle,Science China Technological Sciences,,53.0,8,10.1007/s11431-010-3160-z,HaiBin DuanShan ShaoBingWei SuLei Zhang,2010,http://link.springer.com/article/10.1007/s11431-010-3160-z,Article
99,Construction materials based on reinforced thermoplastics,Russian Journal of General Chemistry,,81.0,5,10.1134/S1070363211050318,G. N. PetrovaE. Ya. Beider,2011,http://link.springer.com/article/10.1134/S1070363211050318,Article
100,Tooling design and microwave curing technologies for the manufacturing of fiber-reinforced polymer composites in aerospace applications,The International Journal of Advanced Manufacturing Technology,,70.0,1 - 4,10.1007/s00170-013-5268-3,Yingguang LiNanya LiJames Gao,2014,http://link.springer.com/article/10.1007/s00170-013-5268-3,Article
101,Quantum technology: from research to application,Applied Physics B,,122.0,5,10.1007/s00340-016-6353-8,Wolfgang P. SchleichKedar S. RanadeChristian AntonMarkus ArndtMarkus AspelmeyerManfred BayerGunnar BergTommaso CalarcoHarald FuchsElisabeth GiacobinoMarkus GrasslPeter HänggiWolfgang M. HecklIngolf-Volker HertelSusana HuelgaFedor Jelezko,2016,http://link.springer.com/article/10.1007/s00340-016-6353-8,Article
102,A Prototype of Ducted-Fan Aerial Robot with Redundant Control Surfaces,Journal of Intelligent & Robotic Systems,,76.0,1,10.1007/s10846-013-0001-x,Roberto NaldiLorenzo Marconi,2014,http://link.springer.com/article/10.1007/s10846-013-0001-x,Article
103,Framework for developing volcanic fragility and vulnerability functions for critical infrastructure,Journal of Applied Volcanology,,6.0,1,10.1186/s13617-017-0065-6,Grant WilsonThomas M. WilsonNatalia I. DeligneDaniel M. BlakeJim W. Cole,2017,http://link.springer.com/article/10.1186/s13617-017-0065-6,Article
104,Adaptive tracking control of a quadrotor unmanned vehicle,International Journal of Precision Engineering and Manufacturing,,18.0,2,10.1007/s12541-017-0022-7,To Xuan DinhKyoung Kwan Ahn,2017,http://link.springer.com/article/10.1007/s12541-017-0022-7,Article
105,Fabrication and heat treatment of ceramic-reinforced aluminium matrix composites - a review,International Journal of Mechanical and Materials Engineering,,9.0,1,10.1186/s40712-014-0006-7,Dipti Kanta DasPurna Chandra MishraSaranjit SinghSwati Pattanaik,2014,http://link.springer.com/article/10.1186/s40712-014-0006-7,Article
106,"Selected Abstracts Presented at the 21st Meeting of The European Society
for Computing and Technology in Anaesthesia and Intensive Care (ESCTAIC)",Journal of Clinical Monitoring and Computing,,25.0,1,10.1007/s10877-011-9276-2,,2011,http://link.springer.com/article/10.1007/s10877-011-9276-2,Article
107,A Survey and Categorization of Small Low-Cost Unmanned Aerial Vehicle System Identification,Journal of Intelligent & Robotic Systems,,74.0,1 - 2,10.1007/s10846-013-9931-6,Nathan V. HofferCalvin CoopmansAustin M. JensenYangQuan Chen,2014,http://link.springer.com/article/10.1007/s10846-013-9931-6,Article
108,Multidisciplinary multifidelity optimisation of a flexible wing aerofoil with reference to a small UAV,Structural and Multidisciplinary Optimization,,50.0,4,10.1007/s00158-014-1066-2,M. BerciV. V. ToropovR. W. HewsonP. H. Gaskell,2014,http://link.springer.com/article/10.1007/s00158-014-1066-2,Article
109,Possibilities of magnetotelluric methods in geophysical exploration for ore minerals,"Izvestiya, Physics of the Solid Earth",,49.0,3,10.1134/S1069351313030178,Iv. M. VarentsovV. A. KulikovA. G. YakovlevD. V. Yakovlev,2013,http://link.springer.com/article/10.1134/S1069351313030178,Article
110,Ultrafine Particulate Dispersed High-Temperature Coatings by Hybrid Spray Process,Journal of Thermal Spray Technology,,19.0,1 - 2,10.1007/s11666-009-9413-3,P. S. MohantyA. D. RocheR. K. GuduruV. Varadaraajan,2010,http://link.springer.com/article/10.1007/s11666-009-9413-3,Article
111,"CARS 2015—Computer Assisted Radiology and Surgery Proceedings of the 29th International Congress and Exhibition Barcelona, Spain, June 24–27, 2015",International Journal of Computer Assisted Radiology and Surgery,,10.0,1,10.1007/s11548-015-1213-2,,2015,http://link.springer.com/article/10.1007/s11548-015-1213-2,Article
112,System identification of an airship using trust region reflective least squares algorithm,"International Journal of Control, Automation and Systems",,15.0,3,10.1007/s12555-015-0409-0,Mansoor AhsanMohammad Ahmad Choudhry,2017,http://link.springer.com/article/10.1007/s12555-015-0409-0,Article
113,A comprehensive survey: artificial bee colony (ABC) algorithm and applications,Artificial Intelligence Review,,42.0,1,10.1007/s10462-012-9328-0,Dervis KarabogaBeyza GorkemliCelal OzturkNurhan Karaboga,2014,http://link.springer.com/article/10.1007/s10462-012-9328-0,Article
114,Advances in modelling of biomimetic fluid flow at different scales,Nanoscale Research Letters,,6.0,1,10.1186/1556-276X-6-344,Sujoy Kumar SahaGian Piero Celata,2011,http://link.springer.com/article/10.1186/1556-276X-6-344,Article
115,Energy Consumption Optimization for Mobile Robots Motion Using Predictive Control,Journal of Intelligent & Robotic Systems,,83.0,3 - 4,10.1007/s10846-016-0352-1,Mostafa I. YacoubDan S. NecsulescuJurek Z. Sasiadek,2016,http://link.springer.com/article/10.1007/s10846-016-0352-1,Article
116,"Whale optimization algorithm: a systematic review of contemporary applications, modifications and developments",Neural Computing and Applications,,32.0,20,10.1007/s00521-020-04849-z,Nadim RanaMuhammad Shafie Abd LatiffShafi’i Muhammad AbdulhamidHaruna Chiroma,2020,http://link.springer.com/article/10.1007/s00521-020-04849-z,Article
117,Use of FBG Sensors for SHM in Aerospace Structures,Photonic Sensors,,2.0,3,10.1007/s13320-012-0065-4,Gayan C. KahandawaJayantha EpaarachchiHao WangK. T. Lau,2012,http://link.springer.com/article/10.1007/s13320-012-0065-4,Article
118,EDM investigation of Al 7075 alloy reinforced with B4C and fly ash nanoparticles and parametric optimization for sustainable production,Journal of the Brazilian Society of Mechanical Sciences and Engineering,,40.0,5,10.1007/s40430-018-1191-8,Sweety MahantaM. ChandrasekaranSutanu SamantaR. M. Arunachalam,2018,http://link.springer.com/article/10.1007/s40430-018-1191-8,Article
119,"Synthesis, Characterization and Wire Electric Erosion Behaviour of AA7178-10 wt.% ZrB2 Composite",Silicon,,10.0,6,10.1007/s12633-018-9802-7,S. Dinesh KumarM. Ravichandran,2018,http://link.springer.com/article/10.1007/s12633-018-9802-7,Article
120,The traveling-wave tube in the history of telecommunication,The European Physical Journal H,,44.0,1,10.1140/epjh/e2018-90023-1,Damien F. G. MinennaFrédéric AndréYves ElskensJean-François AuboinFabrice DoveilJérôme PuechÉlise Duverdier,2019,http://link.springer.com/article/10.1140/epjh/e2018-90023-1,Article
121,Standoff Target Tracking using a Vector Field for Multiple Unmanned Aircrafts,Journal of Intelligent & Robotic Systems,,69.0,1 - 4,10.1007/s10846-012-9765-7,Seunghan LimYeongju KimDongjin LeeHyochoong Bang,2013,http://link.springer.com/article/10.1007/s10846-012-9765-7,Article
122,Flexible micro flow sensor for micro aerial vehicles,Frontiers of Mechanical Engineering,,12.0,4,10.1007/s11465-017-0427-0,Rong ZhuRuiyi QuePeng Liu,2017,http://link.springer.com/article/10.1007/s11465-017-0427-0,Article
123,Prognostics: a literature review,Complex & Intelligent Systems,,2.0,2,10.1007/s40747-016-0019-3,Hatem M. ElattarHamdy K. ElminirA. M. Riad,2016,http://link.springer.com/article/10.1007/s40747-016-0019-3,Article
124,A Novel Sensor Fault Detection in an Unmanned Quadrotor Based on Adaptive Neural Observer,Journal of Intelligent & Robotic Systems,,90.0,3 - 4,10.1007/s10846-017-0690-7,Payam AboutalebiAlireza AbbaspourParisa ForouzannezhadArman Sargolzaei,2018,http://link.springer.com/article/10.1007/s10846-017-0690-7,Article
125,Development of a Rotorcraft Micro air Vehicle for Indoor Flight Research,Journal of Intelligent & Robotic Systems,,81.0,3 - 4,10.1007/s10846-015-0217-z,Li FuLingling WangXi Yang,2016,http://link.springer.com/article/10.1007/s10846-015-0217-z,Article
126,Aerial Load Transportation with Multiple Quadrotors Based on a Kinematic Controller and a Neural SMC Dynamic Compensation,Journal of Intelligent & Robotic Systems,,100.0,2,10.1007/s10846-020-01195-z,Francisco RossomandoClaudio RosalesJavier GimenezLucio SalinasCarlos SoriaMario Sarcinelli-FilhoRicardo Carelli,2020,http://link.springer.com/article/10.1007/s10846-020-01195-z,Article
127,Energy Based 3D Autopilot for VTOL UAV Under Guidance & Navigation Constraints,Journal of Intelligent & Robotic Systems,,87.0,2,10.1007/s10846-016-0441-1,Y. BouzidH. SiguerdidjaneY. BestaouiM. Zareb,2017,http://link.springer.com/article/10.1007/s10846-016-0441-1,Article
128,Reconfigurable swarm robots for structural health monitoring: a brief review,International Journal of Intelligent Robotics and Applications,,1.0,3,10.1007/s41315-017-0024-8,Mohammad R. JahanshahiWei-Men ShenTarutal Ghosh MondalMohamed AbdelbarrSami F. MasriUvais A. Qidwai,2017,http://link.springer.com/article/10.1007/s41315-017-0024-8,Article
129,"On the radiative properties of ice clouds: Light scattering, remote sensing, and radiation parameterization",Advances in Atmospheric Sciences,,32.0,1,10.1007/s00376-014-0011-z,Ping YangKuo-Nan LiouLei BiChao LiuBingqi YiBryan A. Baum,2015,http://link.springer.com/article/10.1007/s00376-014-0011-z,Article
130,A state of the art review of intelligent scheduling,Artificial Intelligence Review,,53.0,1,10.1007/s10462-018-9667-6,Mohammad Hossein Fazel ZarandiAli Akbar Sadat AslShahabeddin SotudianOscar Castillo,2020,http://link.springer.com/article/10.1007/s10462-018-9667-6,Article
131,"On the design and development of attitude stabilization, vision-based navigation, and aerial gripping for a low-cost quadrotor",Autonomous Robots,,33.0,1 - 2,10.1007/s10514-012-9286-z,Vaibhav GhadiokJeremy GoldinWei Ren,2012,http://link.springer.com/article/10.1007/s10514-012-9286-z,Article
132,Important trends and junctures in warship design,Marine Systems & Ocean Technology,,15.0,2,10.1007/s40868-020-00076-2,Simon Reay AtkinsonChristopher J. SkinnerKeith F. JoinerNicholas H. M. CaldwellAhmed Swidan,2020,http://link.springer.com/article/10.1007/s40868-020-00076-2,Article
133,Flexoelectric materials and their related applications: A focused review,Journal of Advanced Ceramics,,8.0,2,10.1007/s40145-018-0311-3,Longlong ShuRenhong LiangZhenggang RaoLinfeng FeiShanming KeYu Wang,2019,http://link.springer.com/article/10.1007/s40145-018-0311-3,Article
134,Current state and prospects of development of technologies for the production of superhydrophobic materials and coatings,Nanotechnologies in Russia,,11.0,11 - 12,10.1134/S1995078016060148,I. A. MakaryanI. V. SedovP. S. Mozhaev,2016,http://link.springer.com/article/10.1134/S1995078016060148,Article
135,Actuator Fault-Tolerant Control Architecture for Multirotor Vehicles in Presence of Disturbances,Journal of Intelligent & Robotic Systems,,99.0,3 - 4,10.1007/s10846-020-01150-y,A. BaldiniR. FelicettiA. FreddiS. LonghiA. Monteriù,2020,http://link.springer.com/article/10.1007/s10846-020-01150-y,Article
136,Mechanics as a 20th-century science,Herald of the Russian Academy of Sciences,,82.0,4,10.1134/S1019331612030057,I. G. GoryachevaN. F. Morozov,2012,http://link.springer.com/article/10.1134/S1019331612030057,Article
137,64TH ASMS Conference on Mass Spectrometry and Allied Topics,Journal of The American Society for Mass Spectrometry,,27.0,1,10.1007/s13361-016-1413-1,Judith Sjoberg,2016,http://link.springer.com/article/10.1007/s13361-016-1413-1,Article
138,Direct metal additive manufacturing processes and their sustainable applications for green technology: A review,International Journal of Precision Engineering and Manufacturing-Green Technology,,3.0,4,10.1007/s40684-016-0048-9,Dong-Gyu Ahn,2016,http://link.springer.com/article/10.1007/s40684-016-0048-9,Article
139,Preparation and characterization of perfluorine-SiO2 nanoparticles and superhydrophobic fluorosilicone/silica hybrid composite coating,Applied Physics A,,125.0,4,10.1007/s00339-019-2551-7,Yaping WuXingeng LiChunxu MiLijun ZongXiaoming Wang,2019,http://link.springer.com/article/10.1007/s00339-019-2551-7,Article
140,66TH ASMS Conference on Mass Spectrometry and Allied Topics,Journal of The American Society for Mass Spectrometry,,29.0,1,10.1007/s13361-018-1971-5,,2018,http://link.springer.com/article/10.1007/s13361-018-1971-5,Article
141,Physical simulation of trajectory tracking for tracking performance evaluation of photoelectric turntable,Optoelectronics Letters,,16.0,4,10.1007/s11801-020-9163-5,Guang Wang 王光Yun-guo Gao 高云国Shao-jun Zhang 张绍军,2020,http://link.springer.com/article/10.1007/s11801-020-9163-5,Article
142,Energy-optimal guidance of a battery-electrically driven airplane,CEAS Aeronautical Journal,,11.0,1,10.1007/s13272-019-00398-x,F. SetteleM. Bittner,2020,http://link.springer.com/article/10.1007/s13272-019-00398-x,Article
143,On the Generation of Trajectories for Multiple UAVs in Environments with Obstacles,Journal of Intelligent and Robotic Systems,,57.0,1 - 4,10.1007/s10846-009-9365-3,Armando Alves NetoDouglas G. MacharetMario F. M. Campos,2010,http://link.springer.com/article/10.1007/s10846-009-9365-3,Article
144,Machine learning of electro-hydraulic motor dynamics,SN Applied Sciences,,2.0,1,10.1007/s42452-019-1889-y,Luca BarontiBiao ZhangMarco CastellaniDuc Truong Pham,2019,http://link.springer.com/article/10.1007/s42452-019-1889-y,Article
145,Biomimetic Superlyophobic Metallic Surfaces: Focusing on Their Fabrication and Applications,Journal of Bionic Engineering,,17.0,1,10.1007/s42235-020-0002-y,Zhongxu LianJinkai XuZuobin WangHuadong Yu,2020,http://link.springer.com/article/10.1007/s42235-020-0002-y,Article
146,Robust Model Predictive Flight Control of Unmanned Rotorcrafts,Journal of Intelligent & Robotic Systems,,81.0,3 - 4,10.1007/s10846-015-0238-7,Kostas AlexisChristos PapachristosRoland SiegwartAnthony Tzes,2016,http://link.springer.com/article/10.1007/s10846-015-0238-7,Article
147,Pigeon-inspired optimization and extreme learning machine via wavelet packet analysis for predicting bulk commodity futures prices,Science China Information Sciences,,62.0,7,10.1007/s11432-018-9714-5,Feng JiangJiaqi HeZhigang Zeng,2019,http://link.springer.com/article/10.1007/s11432-018-9714-5,Article
148,"Comprehensive Analysis of the Geoeffective Solar Event of 21 June 2015: Effects on the Magnetosphere, Plasmasphere, and Ionosphere Systems",Solar Physics,,292.0,11,10.1007/s11207-017-1186-0,Mirko PiersantiTommaso AlbertiAlessandro BemporadFrancesco BerrilliRoberto BrunoVincenzo CapparelliVincenzo CarboneClaudio CesaroniGiuseppe ConsoliniAlice CristaldiAlfredo Del CorpoDario Del MoroSimone Di MatteoIlaria ErmolliSilvano FineschiFabio Giannattasio,2017,http://link.springer.com/article/10.1007/s11207-017-1186-0,Article
149,"CARS 2017—Computer Assisted Radiology and Surgery Proceedings of the 31st International Congress and Exhibition Barcelona, Spain, June 20–24, 2017",International Journal of Computer Assisted Radiology and Surgery,,12.0,1,10.1007/s11548-017-1588-3,,2017,http://link.springer.com/article/10.1007/s11548-017-1588-3,Article
150,Planning for PV plant performance monitoring by means of unmanned aerial systems (UAS),International Journal of Energy and Environmental Engineering,,6.0,1,10.1007/s40095-014-0149-6,F. GrimacciaM. AghaeiM. MussettaS. LevaP. Bellezza Quater,2015,http://link.springer.com/article/10.1007/s40095-014-0149-6,Article
151,Progress in Bio-inspired Anti-solid Particle Erosion Materials: Learning from Nature but Going beyond Nature,Chinese Journal of Mechanical Engineering,,33.0,1,10.1186/s10033-020-00458-y,Shuaijun ZhangJunqiu ZhangBin ZhuShichao NiuZhiwu HanLuquan Ren,2020,http://link.springer.com/article/10.1186/s10033-020-00458-y,Article
152,International Surgical Week ISW 2011,World Journal of Surgery,,35.0,1,10.1007/s00268-011-1190-8,,2011,http://link.springer.com/article/10.1007/s00268-011-1190-8,Article
153,The future of complexity engineering,Central European Journal of Engineering,,2.0,2,10.2478/s13531-011-0071-0,Regina FreiGiovanna Di Marzo Serugendo,2012,http://link.springer.com/article/10.2478/s13531-011-0071-0,Article
154,Without New Materials – There is No Future,Metallurgist,,57.0,11 - 12,10.1007/s11015-014-9844-z,,2014,http://link.springer.com/article/10.1007/s11015-014-9844-z,Article
155,Fuzzy Adaptive Control for a UAV,Journal of Intelligent & Robotic Systems,,62.0,2,10.1007/s10846-010-9445-4,Jose F. GomezMo Jamshidi,2011,http://link.springer.com/article/10.1007/s10846-010-9445-4,Article
156,Selection of a Circuit of a Transversely Connected Active Filter with Compensation Function for Short-Term Voltage Interruptions,Power Technology and Engineering,,52.0,3,10.1007/s10749-018-0958-5,K. S. KoshelevN. A. AlekseevV. N. KarpovA. M. MatinyanM. V. Peshkov,2018,http://link.springer.com/article/10.1007/s10749-018-0958-5,Article
157,History of infrared detectors,Opto-Electronics Review,,20.0,3,10.2478/s11772-012-0037-7,A. Rogalski,2012,http://link.springer.com/article/10.2478/s11772-012-0037-7,Article
158,A novel forced motion apparatus with potential applications in structural engineering,Journal of Zhejiang University-SCIENCE A,,21.0,7,10.1631/jzus.A1900400,Lin ZhaoXi XieYan-yan ZhanWei CuiYao-jun GeZheng-chun XiaSheng-qiao XuMin Zeng,2020,http://link.springer.com/article/10.1631/jzus.A1900400,Article
159,AmbISPDM,Applied Intelligence,,48.0,6,10.1007/s10489-017-1030-0,George HatzivasilisIoannis PapaefstathiouDimitris PlexousakisCharalampos ManifavasNikos Papadakis,2018,http://link.springer.com/article/10.1007/s10489-017-1030-0,Article
160,"Basic research on machinery fault diagnostics: Past, present, and future trends",Frontiers of Mechanical Engineering,,13.0,2,10.1007/s11465-018-0472-3,Xuefeng ChenShibin WangBaijie QiaoQiang Chen,2018,http://link.springer.com/article/10.1007/s11465-018-0472-3,Article
161,Nonlinear Model Predictive Control with Enhanced Actuator Model for Multi-Rotor Aerial Vehicles with Generic Designs,Journal of Intelligent & Robotic Systems,,,,10.1007/s10846-020-01250-9,Davide BicegoJacopo MazzettoRuggero CarliMarcello FarinaAntonio Franchi,2020,http://link.springer.com/article/10.1007/s10846-020-01250-9,Article
162,Highways and Byways in the History of High Rate Mechanical Testing,Journal of Dynamic Behavior of Materials,,6.0,2,10.1007/s40870-020-00237-9,Stephen M. Walley,2020,http://link.springer.com/article/10.1007/s40870-020-00237-9,Article
163,Status of turbulence modeling for hypersonic propulsion flowpaths,Theoretical and Computational Fluid Dynamics,,28.0,3,10.1007/s00162-013-0316-z,Nicholas J. GeorgiadisDennis A. YoderManan A. VyasWilliam A. Engblom,2014,http://link.springer.com/article/10.1007/s00162-013-0316-z,Article
164,A New Multilayer Perceptron Pruning Algorithm for Classification and Regression Applications,Neural Processing Letters,,42.0,2,10.1007/s11063-014-9366-5,Philippe ThomasMarie-Christine Suhner,2015,http://link.springer.com/article/10.1007/s11063-014-9366-5,Article
165,Industry Updates,Journal of Failure Analysis and Prevention,,11.0,2,10.1007/s11668-011-9435-2,,2011,http://link.springer.com/article/10.1007/s11668-011-9435-2,Article
166,Adapting wing elements (“feathers”) of an airplane in a turbulent flow with a multiagent protocol,Automation and Remote Control,,78.0,10,10.1134/S0005117917100101,O. N. GranichinT. A. Khantuleva,2017,http://link.springer.com/article/10.1134/S0005117917100101,Article
167,Market for Carbon Fibres and Composites Based on them. A review,Fibre Chemistry,,48.0,4,10.1007/s10692-017-9787-9,A. I. SidorinaA. G. Gunyaeva,2016,http://link.springer.com/article/10.1007/s10692-017-9787-9,Article
168,Readiness of subtractive and additive manufacturing and their sustainable amalgamation from the perspective of Industry 4.0: a comprehensive review,The International Journal of Advanced Manufacturing Technology,,,,10.1007/s00170-020-06287-6,Asif IqbalGuolong ZhaoHazwani SuhaimiNing HeGhulam HussainWei Zhao,2020,http://link.springer.com/article/10.1007/s00170-020-06287-6,Article
169,A review of online learning in supervised neural networks,Neural Computing and Applications,,25.0,3 - 4,10.1007/s00521-013-1534-4,Lakhmi C. JainManjeevan SeeraChee Peng LimP. Balasubramaniam,2014,http://link.springer.com/article/10.1007/s00521-013-1534-4,Article
170,Optimal generation scheduling and dispatch of thermal generating units considering impact of wind penetration using hGWO-RES algorithm,Applied Intelligence,,49.0,4,10.1007/s10489-018-1325-9,Ashutosh BhadoriaVikram Kumar Kamboj,2019,http://link.springer.com/article/10.1007/s10489-018-1325-9,Article
171,"The flight test and power simulations of an UAV powered by solar cells, a fuel cell and batteries",Journal of Mechanical Science and Technology,,28.0,1,10.1007/s12206-013-0936-7,Bohwa LeePoomin ParkKeunbae KimSejin Kwon,2014,http://link.springer.com/article/10.1007/s12206-013-0936-7,Article
172,The future of sustainable transport system for Europe,AI & SOCIETY,,29.0,3,10.1007/s00146-013-0461-3,Dieter EißelChin Peng Chu,2014,http://link.springer.com/article/10.1007/s00146-013-0461-3,Article
173,Nonlinear longitudinal attitude control of an unmanned seaplane with wave filtering,International Journal of Automation and Computing,,13.0,6,10.1007/s11633-016-0962-x,Huan DuGuo-Liang FanJian-Qiang Yi,2016,http://link.springer.com/article/10.1007/s11633-016-0962-x,Article
174,"Remote, aerial phenotyping of maize traits with a mobile multi-sensor approach",Plant Methods,,11.0,1,10.1186/s13007-015-0048-8,Frank LiebischNorbert KirchgessnerDavid SchneiderAchim WalterAndreas Hund,2015,http://link.springer.com/article/10.1186/s13007-015-0048-8,Article
175,Advances in deployable structures and surfaces for large apertures in space,CEAS Space Journal,,5.0,3 - 4,10.1007/s12567-013-0048-3,J. Santiago-ProwaldH. Baier,2013,http://link.springer.com/article/10.1007/s12567-013-0048-3,Article
176,Designing everyday automation with well-being in mind,Personal and Ubiquitous Computing,,,,10.1007/s00779-020-01452-w,Holger KlapperichAlarith UhdeMarc Hassenzahl,2020,http://link.springer.com/article/10.1007/s00779-020-01452-w,Article
177,Nanoimprint lithography for the manufacturing of flexible electronics,Science China Technological Sciences,,62.0,2,10.1007/s11431-018-9386-9,JinYou ShaoXiaoLiang ChenXiangMing LiHongMiao TianChunHui WangBingHeng Lu,2019,http://link.springer.com/article/10.1007/s11431-018-9386-9,Article
178,Scientific Abstracts,Reproductive Sciences,,18.0,3,10.1177/193371912011183s067,,2011,http://link.springer.com/article/10.1177/193371912011183s067,Article
179,A Six-DOF Buoyancy Tank Microgravity Test Bed with Active Drag Compensation,Microgravity Science and Technology,,29.0,5,10.1007/s12217-017-9554-9,Chong SunShiyu ChenJianping YuanZhanxia Zhu,2017,http://link.springer.com/article/10.1007/s12217-017-9554-9,Article
180,Self-healing and self-repairing technologies,The International Journal of Advanced Manufacturing Technology,,69.0,5 - 8,10.1007/s00170-013-5070-2,Regina FreiRichard McWilliamBenjamin DerrickAlan PurvisAsutosh TiwariGiovanna Di Marzo Serugendo,2013,http://link.springer.com/article/10.1007/s00170-013-5070-2,Article
181,Review on the recent progress of laser frontiers in China,Science China Technological Sciences,,56.0,7,10.1007/s11431-013-5228-z,ZunQi LinWeiBiao ChenQiHong LouWei FanShiQing XiangHuiBin Xue,2013,http://link.springer.com/article/10.1007/s11431-013-5228-z,Article
182,"Review and Analysis of Search, Extraction, Evacuation, and Medical Field Treatment Robots",Journal of Intelligent & Robotic Systems,,96.0,3 - 4,10.1007/s10846-019-00991-6,Adam WilliamsBijo SebastianPinhas Ben-Tzvi,2019,http://link.springer.com/article/10.1007/s10846-019-00991-6,Article
183,Cluster flight control for fractionated spacecraft on an elliptic orbit,Celestial Mechanics and Dynamical Astronomy,,125.0,4,10.1007/s10569-016-9685-0,Ming XuYuying LiangTian TanLixin Wei,2016,http://link.springer.com/article/10.1007/s10569-016-9685-0,Article
184,GNSS/IMU laser quadrant detector hybridization techniques for artillery rocket guidance,Nonlinear Dynamics,,91.0,4,10.1007/s11071-017-4039-3,Raúl de CelisLuis Cadarso,2018,http://link.springer.com/article/10.1007/s11071-017-4039-3,Article
185,Spatial Trajectory Tracking Control of a Fully Actuated Helicopter in Known Static Environment,Journal of Intelligent & Robotic Systems,,85.0,1,10.1007/s10846-016-0378-4,Zhen ZhaoWei HeZhao YinJun Zhang,2017,http://link.springer.com/article/10.1007/s10846-016-0378-4,Article
186,A Comparative Study of Metaheuristic Algorithms for Reliability-Based Design Optimization Problems,Archives of Computational Methods in Engineering,,,,10.1007/s11831-020-09443-z,Zeng MengGang LiXuan WangSadiq M. SaitAli Rıza Yıldız,2020,http://link.springer.com/article/10.1007/s11831-020-09443-z,Article
187,Advances in Bio-inspired Tribology for Engineering Applications,Journal of Bio- and Tribo-Corrosion,,2.0,4,10.1007/s40735-016-0053-0,Arpith SiddaiahPradeep L. Menezes,2016,http://link.springer.com/article/10.1007/s40735-016-0053-0,Article
188,Review of domestic designs in the field of protecting carbonaceous materials against gas corrosion and erosion in high-speed plasma fluxes,Russian Journal of Non-Ferrous Metals,,57.0,2,10.3103/S1067821216020048,A. N. AstapovV. S. Terent’eva,2016,http://link.springer.com/article/10.3103/S1067821216020048,Article
189,12th Biannual conference of the German cognitive science society (Gesellschaft für Kognitionswissenschaft),Cognitive Processing,,15.0,1,10.1007/s10339-014-0632-2,Martin V. Butz,2014,http://link.springer.com/article/10.1007/s10339-014-0632-2,Article
190,Application of high temperature heat pipe in hypersonic vehicles thermal protection,Journal of Central South University of Technology,,18.0,4,10.1007/s11771-011-0833-0,Tong Bai 白穜Hong Zhang 张红Hui Xu 许辉,2011,http://link.springer.com/article/10.1007/s11771-011-0833-0,Article
191,From Topology Optimization Design to Additive Manufacturing: Today’s Success and Tomorrow’s Roadmap,Archives of Computational Methods in Engineering,,27.0,3,10.1007/s11831-019-09331-1,Liang MengWeihong ZhangDongliang QuanGuanghui ShiLei TangYuliang HouPiotr BreitkopfJihong ZhuTong Gao,2020,http://link.springer.com/article/10.1007/s11831-019-09331-1,Article
192,Design and wind tunnel tests of a tiltwing UAV,CEAS Aeronautical Journal,,2.0,1 - 4,10.1007/s13272-011-0026-4,J. HolstenT. OstermannD. Moormann,2011,http://link.springer.com/article/10.1007/s13272-011-0026-4,Article
193,Magnetic Gravity Compensation,Microgravity Science and Technology,,23.0,2,10.1007/s12217-010-9217-6,V. S. NikolayevD. ChatainD. BeysensG. Pichavant,2011,http://link.springer.com/article/10.1007/s12217-010-9217-6,Article
194,Advanced spacecraft system technologies,International Journal of Advances in Engineering Sciences and Applied Mathematics,,6.0,3 - 4,10.1007/s12572-015-0120-7,S. K. Shivakumar,2014,http://link.springer.com/article/10.1007/s12572-015-0120-7,Article
195,Riding against the wind: a review of competition cycling aerodynamics,Sports Engineering,,20.0,2,10.1007/s12283-017-0234-1,Timothy N. CrouchDavid BurtonZach A. LaBryKim B. Blair,2017,http://link.springer.com/article/10.1007/s12283-017-0234-1,Article
196,ARPA-E and DARPA: Applying the DARPA model to energy innovation,The Journal of Technology Transfer,,36.0,5,10.1007/s10961-011-9223-x,William B. BonvillianRichard Van Atta,2011,http://link.springer.com/article/10.1007/s10961-011-9223-x,Article
197,A Demand Forecasting Method Based on Stochastic Frontier Analysis and Model Average: An Application in Air Travel Demand Forecasting,Journal of Systems Science and Complexity,,32.0,2,10.1007/s11424-018-7093-0,Xinyu ZhangYafei ZhengShouyang Wang,2019,http://link.springer.com/article/10.1007/s11424-018-7093-0,Article
198,A comprehensive approach to the structural synthesis and evaluation of engineering solutions in the design of transportation and technological systems,Journal of Machinery Manufacture and Reliability,,46.0,5,10.3103/S105261881705003X,A. BardenhagenL. V. GavrilinaB. M. KlimenkoM. A. PecheykinaD. L. RakovI. N. Statnikov,2017,http://link.springer.com/article/10.3103/S105261881705003X,Article
199,Multivariable sliding mode backstepping controller design for quadrotor UAV based on disturbance observer,Science China Information Sciences,,61.0,11,10.1007/s11432-017-9434-7,Zheng ZhangFang WangYing GuoChangchun Hua,2018,http://link.springer.com/article/10.1007/s11432-017-9434-7,Article
200,Thirty years of turbulence study in China,Applied Mathematics and Mechanics,,40.0,2,10.1007/s10483-019-2427-9,Bohua Sun,2019,http://link.springer.com/article/10.1007/s10483-019-2427-9,Article
201,"The classical Rankine-Hugoniot jump conditions, an important cornerstone of modern shock wave physics: ideal assumptions vs. reality",The European Physical Journal H,,40.0,2,10.1140/epjh/e2015-50010-4,Peter O. K. Krehl,2015,http://link.springer.com/article/10.1140/epjh/e2015-50010-4,Article
202,The Joint European Torus (JET),The European Physical Journal H,,43.0,4 - 5,10.1140/epjh/e2017-70068-y,Paul-Henri Rebut,2018,http://link.springer.com/article/10.1140/epjh/e2017-70068-y,Article
203,Abstracts from the 37th Annual Meeting of the Society of General Internal Medicine,Journal of General Internal Medicine,,29.0,1,10.1007/s11606-014-2834-9,,2014,http://link.springer.com/article/10.1007/s11606-014-2834-9,Article
204,Nonlinear system identification and trajectory tracking control for a flybarless unmanned helicopter: theory and experiment,Nonlinear Dynamics,,96.0,4,10.1007/s11071-019-04923-9,Bin ZhouXingju LuShuai TangZhiqiang Zheng,2019,http://link.springer.com/article/10.1007/s11071-019-04923-9,Article
205,Investigation of variable gravitational gradients and specific features of the microseismic background with a torsion balance,"Izvestiya, Physics of the Solid Earth",,47.0,5,10.1134/S1069351311040033,I. I. KalinnikovA. B. ManukinV. N. KoneshovV. P. MatyuninO. V. KaragiozG. B. Vol’fson,2011,http://link.springer.com/article/10.1134/S1069351311040033,Article
206,Strategies for mitigation of climate change: a review,Environmental Chemistry Letters,,18.0,6,10.1007/s10311-020-01059-w,Samer FawzyAhmed I. OsmanJohn DoranDavid W. Rooney,2020,http://link.springer.com/article/10.1007/s10311-020-01059-w,Article
207,Meta-heuristic methods for optimization of truss structures with vibration frequency constraints,Acta Mechanica,,229.0,10,10.1007/s00707-018-2234-z,A. KavehA. Zolghadr,2018,http://link.springer.com/article/10.1007/s00707-018-2234-z,Article
208,Extended state observer-based third-order sliding mode finite-time attitude tracking controller for rigid spacecraft,Science China Information Sciences,,62.0,1,10.1007/s11432-017-9389-9,Chutiphon Pukdeboon,2018,http://link.springer.com/article/10.1007/s11432-017-9389-9,Article
209,Implementation and Development of a Trajectory Tracking Control System for Intelligent Vehicle,Journal of Intelligent & Robotic Systems,,94.0,1,10.1007/s10846-018-0834-4,Junyu CaiHaobin JiangLong ChenJun LiuYingfeng CaiJunyan Wang,2019,http://link.springer.com/article/10.1007/s10846-018-0834-4,Article
210,Feasible path planning for fixed-wing UAVs using seventh order Bézier curves,Journal of the Brazilian Computer Society,,19.0,2,10.1007/s13173-012-0093-3,Armando Alves NetoDouglas G. MacharetMario F. M. Campos,2013,http://link.springer.com/article/10.1007/s13173-012-0093-3,Article
211,A new optimization algorithm applied in electromagnetics — Maxwell’s equations derived optimization (MEDO),Science China Information Sciences,,63.0,10,10.1007/s11432-020-2927-2,Donglin SuLilin LiShunchuan YangBing LiGuangzhi ChenHui Xu,2020,http://link.springer.com/article/10.1007/s11432-020-2927-2,Article
212,BIOKIS: A Model Payload for Multidisciplinary Experiments in Microgravity,Microgravity Science and Technology,,24.0,6,10.1007/s12217-012-9309-6,Marco VukichPier Luigi GangaDuccio CavalieriLisa RizzettoDamariz RiveroSusanna PollastriSergio MugnaiStefano MancusoSandro PastorelliMaya LambrevaAmina AntonacciAndrea MargonelliIvo BertalanUdo JohanningmeierMaria Teresa GiardiGiuseppina Rea,2012,http://link.springer.com/article/10.1007/s12217-012-9309-6,Article
213,"Globalisation: concept, outcome, future—a continental view",European Journal of Law and Economics,,33.0,2,10.1007/s10657-011-9275-2,M. A. G. van Meerhaeghe,2012,http://link.springer.com/article/10.1007/s10657-011-9275-2,Article
214,A critical review of piezoresistivity and its application in electrical-resistance-based strain sensing,Journal of Materials Science,,55.0,32,10.1007/s10853-020-05099-z,D. D. L. Chung,2020,http://link.springer.com/article/10.1007/s10853-020-05099-z,Article
215,Multi-objective pigeon-inspired optimization for brushless direct current motor parameter design,Science China Technological Sciences,,58.0,11,10.1007/s11431-015-5860-x,HuaXin QiuHaiBin Duan,2015,http://link.springer.com/article/10.1007/s11431-015-5860-x,Article
216,Fluid dynamics and thermal physics of two-phase flows: Problems and achievements,High Temperature,,51.0,3,10.1134/S0018151X13030073,A. Yu. Varaksin,2013,http://link.springer.com/article/10.1134/S0018151X13030073,Article
217,"Measurements, standards, and data in support of the sustainable use of materials",MRS Bulletin,,37.0,4,10.1557/mrs.2012.43,Dianne L. PosterMichael J. FasolkaRichard R. CavanaghEllyn S. Beary,2012,http://link.springer.com/article/10.1557/mrs.2012.43,Article
218,Socio-technical Transitions and Varieties of Capitalism: Green Regional Innovation and Distinctive Market Niches,Journal of the Knowledge Economy,,1.0,4,10.1007/s13132-010-0019-2,Philip Cooke,2010,http://link.springer.com/article/10.1007/s13132-010-0019-2,Article
219,Review of Real-Time Simulator and the Steps Involved for Implementation of a Model from MATLAB/SIMULINK to Real-Time,Journal of The Institution of Engineers (India): Series B,,96.0,2,10.1007/s40031-014-0128-6,Suresh MikkiliAnup Kumar PandaJayanthi Prattipati,2015,http://link.springer.com/article/10.1007/s40031-014-0128-6,Article
220,Data acquisition and simulation of natural phenomena,Science China Information Sciences,,54.0,4,10.1007/s11432-011-4210-2,QinPing Zhao,2011,http://link.springer.com/article/10.1007/s11432-011-4210-2,Article
221,Enhanced Backstepping Controller Design with Application to Autonomous Quadrotor Unmanned Aerial Vehicle,Journal of Intelligent & Robotic Systems,,79.0,2,10.1007/s10846-014-0072-3,Mohd Ariffanan Mohd BasriAbdul Rashid HusainKumeresan A. Danapalasingam,2015,http://link.springer.com/article/10.1007/s10846-014-0072-3,Article
222,Review of sliding mode based control techniques for control system applications,International Journal of Dynamics and Control,,,,10.1007/s40435-020-00638-7,S. J. GambhireD. Ravi KishoreP. S. LondheS. N. Pawar,2020,http://link.springer.com/article/10.1007/s40435-020-00638-7,Article
223,Survey of Multi-agent Communication Strategies for Information Exchange and Mission Control of Drone Deployments,Journal of Intelligent & Robotic Systems,,95.0,3 - 4,10.1007/s10846-018-0812-x,G. PantelimonK. TepeR. CarriveauS. Ahmed,2019,http://link.springer.com/article/10.1007/s10846-018-0812-x,Article
224,The education of Walter Kohn and the creation of density functional theory,Archive for History of Exact Sciences,,68.0,6,10.1007/s00407-014-0140-x,Andrew Zangwill,2014,http://link.springer.com/article/10.1007/s00407-014-0140-x,Article
225,Vehicle tracking by detection in UAV aerial video,Science China Information Sciences,,62.0,2,10.1007/s11432-018-9590-5,Shaohua LiuSuqin WangWenhao ShiHaibo LiuZhaoxin LiTianlu Mao,2019,http://link.springer.com/article/10.1007/s11432-018-9590-5,Article
226,A new quadrotor manipulation system: Modeling and point-to-point task space control,"International Journal of Control, Automation and Systems",,15.0,3,10.1007/s12555-015-0467-3,Ahmed KhalifaMohamed Fanni,2017,http://link.springer.com/article/10.1007/s12555-015-0467-3,Article
227,Extending the Lifetime of Nano-Blimps via Dynamic Motor Control,Journal of Signal Processing Systems,,91.0,3 - 4,10.1007/s11265-018-1343-1,Daniele PalossiAndres GomezStefan DraskovicAndrea MarongiuLothar ThieleLuca Benini,2019,http://link.springer.com/article/10.1007/s11265-018-1343-1,Article
228,A New Fusion Chemical Reaction Optimization Algorithm Based on Random Molecules for Multi-Rotor UAV Path Planning in Transmission Line Inspection,Journal of Shanghai Jiaotong University (Science),,23.0,5,10.1007/s12204-018-1981-2,Qing Yang 杨轻Zhong Yang 杨忠Guoxiong Hu 胡国雄Wei Du 杜威,2018,http://link.springer.com/article/10.1007/s12204-018-1981-2,Article
229,Develop a cost model to evaluate the economic benefit of remanufacturing based on specific technique,Journal of Remanufacturing,,4.0,1,10.1186/2210-4690-4-4,Yuchun XuWei Feng,2014,http://link.springer.com/article/10.1186/2210-4690-4-4,Article
230,Effect of nano/micro B4C particles on the mechanical properties of aluminium metal matrix composites fabricated by ultrasonic cavitation-assisted solidification process,Archives of Civil and Mechanical Engineering,,16.0,1,10.1016/j.acme.2015.07.001,R. HarichandranN. Selvakumar,2016,http://link.springer.com/article/10.1016/j.acme.2015.07.001,Article
231,The renaissance of continuum mechanics,Journal of Zhejiang University SCIENCE A,,15.0,4,10.1631/jzus.A1400079,Wei-qiu Chen,2014,http://link.springer.com/article/10.1631/jzus.A1400079,Article
232,Current status and future perspectives of Italian finfish aquaculture,Reviews in Fish Biology and Fisheries,,24.0,1,10.1007/s11160-013-9317-7,Giuliana ParisiGenciana TerovaLaura GascoGiovanni PiccoloAlessandra RoncaratiVittorio Maria MorettiGerardo CentoducatiPier Paolo GattaAntonio Pais,2014,http://link.springer.com/article/10.1007/s11160-013-9317-7,Article
233,Functional biodynamics of human-body system: A mathematical axiomatics with functional learning and aging in life cycle,Cognitive Neurodynamics,,14.0,5,10.1007/s11571-020-09629-y,Jochen Mau,2020,http://link.springer.com/article/10.1007/s11571-020-09629-y,Article
234,The prospects for hydrogen as an energy carrier: an overview of hydrogen energy and hydrogen energy systems,"Energy, Ecology and Environment",,1.0,1,10.1007/s40974-016-0005-z,Marc A. RosenSeama Koohi-Fayegh,2016,http://link.springer.com/article/10.1007/s40974-016-0005-z,Article
235,"Recent developments in the preparation, characterization and applications of glass- and glass–ceramic-to-metal seals and coatings",Journal of Materials Science,,46.0,7,10.1007/s10853-010-5095-y,I. W. DonaldP. M. MallinsonB. L. MetcalfeL. A. GerrardJ. A. Fernie,2011,http://link.springer.com/article/10.1007/s10853-010-5095-y,Article
236,Level 3 guideline on the treatment of patients with severe/multiple injuries,European Journal of Trauma and Emergency Surgery,,44.0,1,10.1007/s00068-018-0922-y,,2018,http://link.springer.com/article/10.1007/s00068-018-0922-y,Article
237,ESPNIC 2013,Intensive Care Medicine,,39.0,1,10.1007/s00134-013-2950-8,,2013,http://link.springer.com/article/10.1007/s00134-013-2950-8,Article
238,Implementation of microchip electrophoresis instrumentation for future spaceflight missions,Analytical and Bioanalytical Chemistry,,407.0,23,10.1007/s00216-015-8903-z,Peter A. WillisJessica S. CreamerMaria F. Mora,2015,http://link.springer.com/article/10.1007/s00216-015-8903-z,Article
239,"Battery State-Of-Charge Based Altitude Controller for Small, Low Cost Multirotor Unmanned Aerial Vehicles",Journal of Intelligent & Robotic Systems,,74.0,1 - 2,10.1007/s10846-013-9894-7,Michal PodhradskýCalvin CoopmansAustin Jensen,2014,http://link.springer.com/article/10.1007/s10846-013-9894-7,Article
240,Unified State Model theory and application in Astrodynamics,Celestial Mechanics and Dynamical Astronomy,,112.0,3,10.1007/s10569-011-9396-5,V. VittaldevE. MooijM. C. Naeije,2012,http://link.springer.com/article/10.1007/s10569-011-9396-5,Article
241,A bibliometric study of the world’s research activity in sustainable development and its sub-areas using scientific literature,Scientometrics,,99.0,2,10.1007/s11192-013-1193-3,Saeed-Ul HassanPeter HaddawyJia Zhu,2014,http://link.springer.com/article/10.1007/s11192-013-1193-3,Article
242,"Special Issue: Abstracts from the 9th European Workshop on Astrobiology, Brussels, October 12–14, 2009",Origins of Life and Evolution of Biospheres,,40.0,6,10.1007/s11084-010-9215-0,,2010,http://link.springer.com/article/10.1007/s11084-010-9215-0,Article
243,Numerical analysis and performance enhancement of active suspension system using bat optimization,International Journal of Dynamics and Control,,,,10.1007/s40435-020-00664-5,T. YuvapriyaP. Lakshmi,2020,http://link.springer.com/article/10.1007/s40435-020-00664-5,Article
244,Investigation on the Tensile Strength and Microhardness of AA6061/TiC Composites by Stir Casting,Transactions of the Indian Institute of Metals,,70.0,4,10.1007/s12666-016-0891-y,J. Jebeen MosesS. Joseph Sekhar,2017,http://link.springer.com/article/10.1007/s12666-016-0891-y,Article
245,Panel Discussion on Energy Efficiency,AMBIO,,39.0,1,10.1007/s13280-010-0060-1,Brian HeapBengt Kasemo,2010,http://link.springer.com/article/10.1007/s13280-010-0060-1,Article
